{"levelTwo":2,"levelTwoStarsCounts":3,"colorsTwo":[{"r":0.20000000298023225,"g":0.20000000298023225,"b":0.20000000298023225,"a":1.0},{"r":0.20000000298023225,"g":0.20000000298023225,"b":0.20000000298023225,"a":1.0},{"r":0.20000000298023225,"g":0.20000000298023225,"b":0.20000000298023225,"a":1.0}]}